Date,Metric,Price,Country
2026-04-05,Baseload,2.59,AT
2026-04-06,Baseload,19.69,AT
2026-04-07,Baseload,89.17,AT
2026-04-08,Baseload,87.58,AT
2026-04-09,Baseload,88.32,AT
2026-04-10,Baseload,124.68,AT
2026-04-11,Baseload,68.87,AT
2026-04-12,Baseload,80.86,AT
2026-04-13,Baseload,114.32,AT
2026-04-14,Baseload,141.49,AT
2026-04-15,Baseload,129.26,AT
2026-04-05,Peak,-23.63,AT
2026-04-06,Peak,-21.27,AT
2026-04-07,Peak,48.05,AT
2026-04-08,Peak,50.7,AT
2026-04-09,Peak,57.34,AT
2026-04-10,Peak,119.21,AT
2026-04-11,Peak,22.84,AT
2026-04-12,Peak,48.32,AT
2026-04-13,Peak,102.88,AT
2026-04-14,Peak,140.84,AT
2026-04-15,Peak,132.31,AT
2026-04-05,Off-Peak,69.78,AT
2026-04-06,Off-Peak,60.65,AT
2026-04-07,Off-Peak,130.29,AT
2026-04-08,Off-Peak,124.46,AT
2026-04-09,Off-Peak,119.31,AT
2026-04-10,Off-Peak,130.15,AT
2026-04-11,Off-Peak,114.89,AT
2026-04-12,Off-Peak,113.41,AT
2026-04-13,Off-Peak,125.77,AT
2026-04-14,Off-Peak,142.15,AT
2026-04-15,Off-Peak,128.59,AT
2026-04-05,Baseload,0.42,BE
2026-04-06,Baseload,36.85,BE
2026-04-07,Baseload,88.54,BE
2026-04-08,Baseload,86.12,BE
2026-04-09,Baseload,78.7,BE
2026-04-10,Baseload,113.93,BE
2026-04-11,Baseload,48.76,BE
2026-04-12,Baseload,67.14,BE
2026-04-13,Baseload,128.43,BE
2026-04-14,Baseload,124.29,BE
2026-04-15,Baseload,118.14,BE
2026-04-05,Peak,-31.32,BE
2026-04-06,Peak,-4.73,BE
2026-04-07,Peak,57.95,BE
2026-04-08,Peak,55.04,BE
2026-04-09,Peak,51.07,BE
2026-04-10,Peak,125.2,BE
2026-04-11,Peak,14.0,BE
2026-04-12,Peak,43.23,BE
2026-04-13,Peak,133.52,BE
2026-04-14,Peak,114.73,BE
2026-04-15,Peak,130.37,BE
2026-04-05,Off-Peak,81.76,BE
2026-04-06,Off-Peak,78.43,BE
2026-04-07,Off-Peak,119.12,BE
2026-04-08,Off-Peak,117.21,BE
2026-04-09,Off-Peak,106.33,BE
2026-04-10,Off-Peak,102.66,BE
2026-04-11,Off-Peak,83.51,BE
2026-04-12,Off-Peak,91.04,BE
2026-04-13,Off-Peak,123.34,BE
2026-04-14,Off-Peak,133.84,BE
2026-04-15,Off-Peak,115.46,BE
2026-04-05,Baseload,-9.67,CH
2026-04-06,Baseload,25.32,CH
2026-04-07,Baseload,83.93,CH
2026-04-08,Baseload,92.1,CH
2026-04-09,Baseload,77.98,CH
2026-04-10,Baseload,118.14,CH
2026-04-11,Baseload,52.82,CH
2026-04-12,Baseload,84.99,CH
2026-04-13,Baseload,123.36,CH
2026-04-14,Baseload,134.34,CH
2026-04-15,Baseload,132.95,CH
2026-04-05,Peak,-46.07,CH
2026-04-06,Peak,-13.94,CH
2026-04-07,Peak,42.86,CH
2026-04-08,Peak,55.22,CH
2026-04-09,Peak,48.81,CH
2026-04-10,Peak,117.5,CH
2026-04-11,Peak,-1.86,CH
2026-04-12,Peak,65.75,CH
2026-04-13,Peak,124.05,CH
2026-04-14,Peak,135.74,CH
2026-04-15,Peak,127.55,CH
2026-04-05,Off-Peak,81.35,CH
2026-04-06,Off-Peak,64.58,CH
2026-04-07,Off-Peak,125.0,CH
2026-04-08,Off-Peak,128.98,CH
2026-04-09,Off-Peak,107.15,CH
2026-04-10,Off-Peak,118.78,CH
2026-04-11,Off-Peak,107.5,CH
2026-04-12,Off-Peak,104.24,CH
2026-04-13,Off-Peak,122.66,CH
2026-04-14,Off-Peak,132.95,CH
2026-04-15,Off-Peak,134.3,CH
2026-04-05,Baseload,-1.09,CZ
2026-04-06,Baseload,9.63,CZ
2026-04-07,Baseload,91.05,CZ
2026-04-08,Baseload,87.78,CZ
2026-04-09,Baseload,83.44,CZ
2026-04-10,Baseload,121.07,CZ
2026-04-11,Baseload,54.26,CZ
2026-04-12,Baseload,77.04,CZ
2026-04-13,Baseload,109.98,CZ
2026-04-14,Baseload,141.91,CZ
2026-04-15,Baseload,127.51,CZ
2026-04-05,Peak,-23.56,CZ
2026-04-06,Peak,-24.59,CZ
2026-04-07,Peak,49.34,CZ
2026-04-08,Peak,52.8,CZ
2026-04-09,Peak,52.86,CZ
2026-04-10,Peak,122.1,CZ
2026-04-11,Peak,1.9,CZ
2026-04-12,Peak,50.9,CZ
2026-04-13,Peak,95.0,CZ
2026-04-14,Peak,138.6,CZ
2026-04-15,Peak,132.07,CZ
2026-04-05,Off-Peak,56.5,CZ
2026-04-06,Off-Peak,43.85,CZ
2026-04-07,Off-Peak,132.75,CZ
2026-04-08,Off-Peak,122.75,CZ
2026-04-09,Off-Peak,114.03,CZ
2026-04-10,Off-Peak,120.05,CZ
2026-04-11,Off-Peak,106.62,CZ
2026-04-12,Off-Peak,103.18,CZ
2026-04-13,Off-Peak,124.95,CZ
2026-04-14,Off-Peak,145.22,CZ
2026-04-15,Off-Peak,126.51,CZ
2026-04-05,Baseload,-26.36,DE_LU
2026-04-06,Baseload,3.04,DE_LU
2026-04-07,Baseload,89.89,DE_LU
2026-04-08,Baseload,86.97,DE_LU
2026-04-09,Baseload,81.63,DE_LU
2026-04-10,Baseload,119.57,DE_LU
2026-04-11,Baseload,46.57,DE_LU
2026-04-12,Baseload,79.73,DE_LU
2026-04-13,Baseload,127.3,DE_LU
2026-04-14,Baseload,138.09,DE_LU
2026-04-15,Baseload,126.41,DE_LU
2026-04-05,Peak,-47.66,DE_LU
2026-04-06,Peak,-32.43,DE_LU
2026-04-07,Peak,51.71,DE_LU
2026-04-08,Peak,50.17,DE_LU
2026-04-09,Peak,52.31,DE_LU
2026-04-10,Peak,119.97,DE_LU
2026-04-11,Peak,-5.0,DE_LU
2026-04-12,Peak,56.45,DE_LU
2026-04-13,Peak,129.64,DE_LU
2026-04-14,Peak,136.46,DE_LU
2026-04-15,Peak,131.78,DE_LU
2026-04-05,Off-Peak,28.24,DE_LU
2026-04-06,Off-Peak,38.5,DE_LU
2026-04-07,Off-Peak,128.07,DE_LU
2026-04-08,Off-Peak,123.77,DE_LU
2026-04-09,Off-Peak,110.95,DE_LU
2026-04-10,Off-Peak,119.16,DE_LU
2026-04-11,Off-Peak,98.14,DE_LU
2026-04-12,Off-Peak,103.01,DE_LU
2026-04-13,Off-Peak,124.97,DE_LU
2026-04-14,Off-Peak,139.71,DE_LU
2026-04-15,Off-Peak,125.23,DE_LU
2026-04-05,Baseload,-6.03,FR
2026-04-06,Baseload,3.47,FR
2026-04-07,Baseload,36.19,FR
2026-04-08,Baseload,54.17,FR
2026-04-09,Baseload,51.79,FR
2026-04-10,Baseload,39.93,FR
2026-04-11,Baseload,10.94,FR
2026-04-12,Baseload,40.84,FR
2026-04-13,Baseload,117.64,FR
2026-04-14,Baseload,90.56,FR
2026-04-15,Baseload,96.22,FR
2026-04-05,Peak,-33.86,FR
2026-04-06,Peak,-30.72,FR
2026-04-07,Peak,17.58,FR
2026-04-08,Peak,23.67,FR
2026-04-09,Peak,23.98,FR
2026-04-10,Peak,28.31,FR
2026-04-11,Peak,-2.99,FR
2026-04-12,Peak,30.99,FR
2026-04-13,Peak,119.85,FR
2026-04-14,Peak,59.99,FR
2026-04-15,Peak,126.48,FR
2026-04-05,Off-Peak,65.27,FR
2026-04-06,Off-Peak,37.67,FR
2026-04-07,Off-Peak,54.79,FR
2026-04-08,Off-Peak,84.68,FR
2026-04-09,Off-Peak,79.59,FR
2026-04-10,Off-Peak,51.56,FR
2026-04-11,Off-Peak,24.86,FR
2026-04-12,Off-Peak,50.7,FR
2026-04-13,Off-Peak,115.43,FR
2026-04-14,Off-Peak,121.13,FR
2026-04-15,Off-Peak,89.6,FR
2026-04-05,Baseload,110.31,IE_SEM
2026-04-06,Baseload,115.81,IE_SEM
2026-04-07,Baseload,142.21,IE_SEM
2026-04-08,Baseload,176.27,IE_SEM
2026-04-09,Baseload,113.75,IE_SEM
2026-04-10,Baseload,127.97,IE_SEM
2026-04-11,Baseload,13.18,IE_SEM
2026-04-12,Baseload,44.61,IE_SEM
2026-04-13,Baseload,167.8,IE_SEM
2026-04-14,Baseload,132.76,IE_SEM
2026-04-05,Peak,64.89,IE_SEM
2026-04-06,Peak,92.19,IE_SEM
2026-04-07,Peak,134.73,IE_SEM
2026-04-08,Peak,186.92,IE_SEM
2026-04-09,Peak,96.93,IE_SEM
2026-04-10,Peak,121.56,IE_SEM
2026-04-11,Peak,8.59,IE_SEM
2026-04-12,Peak,36.64,IE_SEM
2026-04-13,Peak,181.31,IE_SEM
2026-04-14,Peak,137.67,IE_SEM
2026-04-05,Off-Peak,235.19,IE_SEM
2026-04-06,Off-Peak,139.44,IE_SEM
2026-04-07,Off-Peak,149.68,IE_SEM
2026-04-08,Off-Peak,165.62,IE_SEM
2026-04-09,Off-Peak,130.56,IE_SEM
2026-04-10,Off-Peak,134.39,IE_SEM
2026-04-11,Off-Peak,17.78,IE_SEM
2026-04-12,Off-Peak,52.58,IE_SEM
2026-04-13,Off-Peak,154.28,IE_SEM
2026-04-14,Off-Peak,127.4,IE_SEM
2026-04-05,Baseload,25.06,NL
2026-04-06,Baseload,78.74,NL
2026-04-07,Baseload,89.23,NL
2026-04-08,Baseload,86.41,NL
2026-04-09,Baseload,79.94,NL
2026-04-10,Baseload,117.34,NL
2026-04-11,Baseload,59.1,NL
2026-04-12,Baseload,73.11,NL
2026-04-13,Baseload,128.86,NL
2026-04-14,Baseload,132.45,NL
2026-04-15,Baseload,122.71,NL
2026-04-05,Peak,-12.09,NL
2026-04-06,Peak,30.44,NL
2026-04-07,Peak,53.56,NL
2026-04-08,Peak,51.64,NL
2026-04-09,Peak,51.43,NL
2026-04-10,Peak,121.77,NL
2026-04-11,Peak,15.42,NL
2026-04-12,Peak,48.87,NL
2026-04-13,Peak,133.24,NL
2026-04-14,Peak,127.13,NL
2026-04-15,Peak,131.04,NL
2026-04-05,Off-Peak,120.25,NL
2026-04-06,Off-Peak,127.03,NL
2026-04-07,Off-Peak,124.9,NL
2026-04-08,Off-Peak,121.18,NL
2026-04-09,Off-Peak,108.46,NL
2026-04-10,Off-Peak,112.91,NL
2026-04-11,Off-Peak,102.79,NL
2026-04-12,Off-Peak,97.36,NL
2026-04-13,Off-Peak,124.48,NL
2026-04-14,Off-Peak,137.77,NL
2026-04-15,Off-Peak,120.89,NL
2026-04-05,Baseload,-35.43,PL
2026-04-06,Baseload,-3.01,PL
2026-04-07,Baseload,84.8,PL
2026-04-08,Baseload,100.59,PL
2026-04-09,Baseload,90.34,PL
2026-04-10,Baseload,122.54,PL
2026-04-11,Baseload,87.47,PL
2026-04-12,Baseload,79.11,PL
2026-04-13,Baseload,103.76,PL
2026-04-14,Baseload,131.83,PL
2026-04-15,Baseload,127.33,PL
2026-04-05,Peak,-80.18,PL
2026-04-06,Peak,-43.39,PL
2026-04-07,Peak,48.17,PL
2026-04-08,Peak,78.51,PL
2026-04-09,Peak,59.54,PL
2026-04-10,Peak,114.87,PL
2026-04-11,Peak,57.32,PL
2026-04-12,Peak,47.92,PL
2026-04-13,Peak,82.62,PL
2026-04-14,Peak,132.87,PL
2026-04-15,Peak,132.0,PL
2026-04-05,Off-Peak,79.24,PL
2026-04-06,Off-Peak,37.36,PL
2026-04-07,Off-Peak,121.42,PL
2026-04-08,Off-Peak,122.67,PL
2026-04-09,Off-Peak,121.13,PL
2026-04-10,Off-Peak,130.2,PL
2026-04-11,Off-Peak,117.62,PL
2026-04-12,Off-Peak,110.3,PL
2026-04-13,Off-Peak,124.91,PL
2026-04-14,Off-Peak,130.79,PL
2026-04-15,Off-Peak,126.3,PL
2026-04-05,Baseload,1.52,DK_1
2026-04-06,Baseload,23.99,DK_1
2026-04-07,Baseload,90.35,DK_1
2026-04-08,Baseload,100.21,DK_1
2026-04-09,Baseload,77.13,DK_1
2026-04-10,Baseload,113.17,DK_1
2026-04-11,Baseload,52.51,DK_1
2026-04-12,Baseload,75.21,DK_1
2026-04-13,Baseload,123.5,DK_1
2026-04-14,Baseload,137.05,DK_1
2026-04-15,Baseload,126.21,DK_1
2026-04-05,Peak,-8.91,DK_1
2026-04-06,Peak,9.5,DK_1
2026-04-07,Peak,56.31,DK_1
2026-04-08,Peak,76.99,DK_1
2026-04-09,Peak,52.18,DK_1
2026-04-10,Peak,118.8,DK_1
2026-04-11,Peak,12.56,DK_1
2026-04-12,Peak,55.86,DK_1
2026-04-13,Peak,126.48,DK_1
2026-04-14,Peak,135.26,DK_1
2026-04-15,Peak,131.78,DK_1
2026-04-05,Off-Peak,28.24,DK_1
2026-04-06,Off-Peak,38.47,DK_1
2026-04-07,Off-Peak,124.39,DK_1
2026-04-08,Off-Peak,123.42,DK_1
2026-04-09,Off-Peak,102.08,DK_1
2026-04-10,Off-Peak,107.54,DK_1
2026-04-11,Off-Peak,92.46,DK_1
2026-04-12,Off-Peak,94.56,DK_1
2026-04-13,Off-Peak,120.52,DK_1
2026-04-14,Off-Peak,138.84,DK_1
2026-04-15,Off-Peak,124.99,DK_1
2026-04-05,Baseload,1.23,DK_2
2026-04-06,Baseload,5.54,DK_2
2026-04-07,Baseload,79.13,DK_2
2026-04-08,Baseload,100.22,DK_2
2026-04-09,Baseload,80.15,DK_2
2026-04-10,Baseload,110.66,DK_2
2026-04-11,Baseload,57.54,DK_2
2026-04-12,Baseload,67.85,DK_2
2026-04-13,Baseload,106.83,DK_2
2026-04-14,Baseload,127.59,DK_2
2026-04-15,Baseload,126.4,DK_2
2026-04-05,Peak,-2.35,DK_2
2026-04-06,Peak,2.85,DK_2
2026-04-07,Peak,55.87,DK_2
2026-04-08,Peak,76.68,DK_2
2026-04-09,Peak,57.59,DK_2
2026-04-10,Peak,120.01,DK_2
2026-04-11,Peak,25.42,DK_2
2026-04-12,Peak,57.59,DK_2
2026-04-13,Peak,111.96,DK_2
2026-04-14,Peak,135.73,DK_2
2026-04-15,Peak,131.78,DK_2
2026-04-05,Off-Peak,10.41,DK_2
2026-04-06,Off-Peak,8.22,DK_2
2026-04-07,Off-Peak,102.38,DK_2
2026-04-08,Off-Peak,123.76,DK_2
2026-04-09,Off-Peak,102.72,DK_2
2026-04-10,Off-Peak,101.3,DK_2
2026-04-11,Off-Peak,89.67,DK_2
2026-04-12,Off-Peak,78.12,DK_2
2026-04-13,Off-Peak,101.7,DK_2
2026-04-14,Off-Peak,119.46,DK_2
2026-04-15,Off-Peak,125.23,DK_2
2026-04-05,Baseload,6.36,EE
2026-04-06,Baseload,7.95,EE
2026-04-07,Baseload,26.56,EE
2026-04-08,Baseload,63.4,EE
2026-04-09,Baseload,90.91,EE
2026-04-10,Baseload,90.17,EE
2026-04-11,Baseload,71.48,EE
2026-04-12,Baseload,54.93,EE
2026-04-13,Baseload,103.49,EE
2026-04-14,Baseload,92.54,EE
2026-04-15,Baseload,107.24,EE
2026-04-05,Peak,5.92,EE
2026-04-06,Peak,10.42,EE
2026-04-07,Peak,25.24,EE
2026-04-08,Peak,57.28,EE
2026-04-09,Peak,103.22,EE
2026-04-10,Peak,92.4,EE
2026-04-11,Peak,51.56,EE
2026-04-12,Peak,40.01,EE
2026-04-13,Peak,107.77,EE
2026-04-14,Peak,84.12,EE
2026-04-15,Peak,143.02,EE
2026-04-05,Off-Peak,7.38,EE
2026-04-06,Off-Peak,5.47,EE
2026-04-07,Off-Peak,27.88,EE
2026-04-08,Off-Peak,69.51,EE
2026-04-09,Off-Peak,78.6,EE
2026-04-10,Off-Peak,87.94,EE
2026-04-11,Off-Peak,91.4,EE
2026-04-12,Off-Peak,69.86,EE
2026-04-13,Off-Peak,99.22,EE
2026-04-14,Off-Peak,100.96,EE
2026-04-15,Off-Peak,94.94,EE
2026-04-05,Baseload,6.37,FI
2026-04-06,Baseload,7.95,FI
2026-04-07,Baseload,21.76,FI
2026-04-08,Baseload,75.0,FI
2026-04-09,Baseload,90.59,FI
2026-04-10,Baseload,85.97,FI
2026-04-11,Baseload,80.95,FI
2026-04-12,Baseload,62.93,FI
2026-04-13,Baseload,104.0,FI
2026-04-14,Baseload,94.54,FI
2026-04-15,Baseload,107.54,FI
2026-04-05,Peak,5.93,FI
2026-04-06,Peak,10.42,FI
2026-04-07,Peak,23.65,FI
2026-04-08,Peak,80.57,FI
2026-04-09,Peak,108.82,FI
2026-04-10,Peak,92.31,FI
2026-04-11,Peak,70.58,FI
2026-04-12,Peak,56.08,FI
2026-04-13,Peak,108.87,FI
2026-04-14,Peak,88.2,FI
2026-04-15,Peak,144.4,FI
2026-04-05,Off-Peak,7.38,FI
2026-04-06,Off-Peak,5.47,FI
2026-04-07,Off-Peak,19.87,FI
2026-04-08,Off-Peak,69.43,FI
2026-04-09,Off-Peak,72.37,FI
2026-04-10,Off-Peak,79.62,FI
2026-04-11,Off-Peak,91.31,FI
2026-04-12,Off-Peak,69.78,FI
2026-04-13,Off-Peak,99.12,FI
2026-04-14,Off-Peak,100.87,FI
2026-04-15,Off-Peak,94.86,FI
2026-04-05,Baseload,0.13,LT
2026-04-06,Baseload,2.92,LT
2026-04-07,Baseload,26.03,LT
2026-04-08,Baseload,59.76,LT
2026-04-09,Baseload,66.68,LT
2026-04-10,Baseload,85.34,LT
2026-04-11,Baseload,77.16,LT
2026-04-12,Baseload,54.93,LT
2026-04-13,Baseload,86.6,LT
2026-04-14,Baseload,80.52,LT
2026-04-15,Baseload,106.76,LT
2026-04-05,Peak,-1.92,LT
2026-04-06,Peak,0.83,LT
2026-04-07,Peak,23.45,LT
2026-04-08,Peak,46.98,LT
2026-04-09,Peak,53.9,LT
2026-04-10,Peak,77.76,LT
2026-04-11,Peak,43.12,LT
2026-04-12,Peak,40.01,LT
2026-04-13,Peak,79.44,LT
2026-04-14,Peak,68.47,LT
2026-04-15,Peak,142.02,LT
2026-04-05,Off-Peak,4.87,LT
2026-04-06,Off-Peak,5.01,LT
2026-04-07,Off-Peak,28.6,LT
2026-04-08,Off-Peak,72.54,LT
2026-04-09,Off-Peak,79.46,LT
2026-04-10,Off-Peak,92.93,LT
2026-04-11,Off-Peak,111.2,LT
2026-04-12,Off-Peak,69.86,LT
2026-04-13,Off-Peak,93.76,LT
2026-04-14,Off-Peak,92.58,LT
2026-04-15,Off-Peak,94.64,LT
2026-04-05,Baseload,0.13,LV
2026-04-06,Baseload,2.92,LV
2026-04-07,Baseload,26.03,LV
2026-04-08,Baseload,59.76,LV
2026-04-09,Baseload,66.68,LV
2026-04-10,Baseload,85.34,LV
2026-04-11,Baseload,77.16,LV
2026-04-12,Baseload,54.93,LV
2026-04-13,Baseload,86.6,LV
2026-04-14,Baseload,80.52,LV
2026-04-15,Baseload,106.76,LV
2026-04-05,Peak,-1.92,LV
2026-04-06,Peak,0.83,LV
2026-04-07,Peak,23.45,LV
2026-04-08,Peak,46.98,LV
2026-04-09,Peak,53.9,LV
2026-04-10,Peak,77.76,LV
2026-04-11,Peak,43.12,LV
2026-04-12,Peak,40.01,LV
2026-04-13,Peak,79.44,LV
2026-04-14,Peak,68.47,LV
2026-04-15,Peak,142.02,LV
2026-04-05,Off-Peak,4.87,LV
2026-04-06,Off-Peak,5.01,LV
2026-04-07,Off-Peak,28.6,LV
2026-04-08,Off-Peak,72.54,LV
2026-04-09,Off-Peak,79.46,LV
2026-04-10,Off-Peak,92.93,LV
2026-04-11,Off-Peak,111.2,LV
2026-04-12,Off-Peak,69.86,LV
2026-04-13,Off-Peak,93.76,LV
2026-04-14,Off-Peak,92.58,LV
2026-04-15,Off-Peak,94.64,LV
2026-04-05,Baseload,77.14,NO_1
2026-04-06,Baseload,75.09,NO_1
2026-04-07,Baseload,108.96,NO_1
2026-04-08,Baseload,113.33,NO_1
2026-04-09,Baseload,100.32,NO_1
2026-04-10,Baseload,111.31,NO_1
2026-04-11,Baseload,88.59,NO_1
2026-04-12,Baseload,98.24,NO_1
2026-04-13,Baseload,130.79,NO_1
2026-04-14,Baseload,158.7,NO_1
2026-04-15,Baseload,140.68,NO_1
2026-04-05,Peak,69.22,NO_1
2026-04-06,Peak,61.54,NO_1
2026-04-07,Peak,98.47,NO_1
2026-04-08,Peak,106.82,NO_1
2026-04-09,Peak,91.16,NO_1
2026-04-10,Peak,115.63,NO_1
2026-04-11,Peak,73.35,NO_1
2026-04-12,Peak,93.21,NO_1
2026-04-13,Peak,138.76,NO_1
2026-04-14,Peak,154.9,NO_1
2026-04-15,Peak,169.12,NO_1
2026-04-05,Off-Peak,97.45,NO_1
2026-04-06,Off-Peak,88.64,NO_1
2026-04-07,Off-Peak,119.46,NO_1
2026-04-08,Off-Peak,119.84,NO_1
2026-04-09,Off-Peak,109.47,NO_1
2026-04-10,Off-Peak,107.0,NO_1
2026-04-11,Off-Peak,103.84,NO_1
2026-04-12,Off-Peak,103.27,NO_1
2026-04-13,Off-Peak,122.81,NO_1
2026-04-14,Off-Peak,162.5,NO_1
2026-04-15,Off-Peak,134.46,NO_1
2026-04-05,Baseload,46.98,NO_2
2026-04-06,Baseload,79.14,NO_2
2026-04-07,Baseload,104.04,NO_2
2026-04-08,Baseload,111.5,NO_2
2026-04-09,Baseload,96.79,NO_2
2026-04-10,Baseload,108.55,NO_2
2026-04-11,Baseload,75.57,NO_2
2026-04-12,Baseload,85.93,NO_2
2026-04-13,Baseload,122.27,NO_2
2026-04-14,Baseload,135.21,NO_2
2026-04-15,Baseload,122.05,NO_2
2026-04-05,Peak,35.37,NO_2
2026-04-06,Peak,69.0,NO_2
2026-04-07,Peak,87.87,NO_2
2026-04-08,Peak,104.39,NO_2
2026-04-09,Peak,86.32,NO_2
2026-04-10,Peak,113.03,NO_2
2026-04-11,Peak,50.89,NO_2
2026-04-12,Peak,73.09,NO_2
2026-04-13,Peak,127.75,NO_2
2026-04-14,Peak,134.67,NO_2
2026-04-15,Peak,128.96,NO_2
2026-04-05,Off-Peak,76.7,NO_2
2026-04-06,Off-Peak,89.29,NO_2
2026-04-07,Off-Peak,120.2,NO_2
2026-04-08,Off-Peak,118.61,NO_2
2026-04-09,Off-Peak,107.26,NO_2
2026-04-10,Off-Peak,104.07,NO_2
2026-04-11,Off-Peak,100.26,NO_2
2026-04-12,Off-Peak,98.77,NO_2
2026-04-13,Off-Peak,116.79,NO_2
2026-04-14,Off-Peak,135.75,NO_2
2026-04-15,Off-Peak,120.54,NO_2
2026-04-05,Baseload,55.13,NO_3
2026-04-06,Baseload,54.74,NO_3
2026-04-07,Baseload,85.36,NO_3
2026-04-08,Baseload,106.54,NO_3
2026-04-09,Baseload,95.51,NO_3
2026-04-10,Baseload,101.57,NO_3
2026-04-11,Baseload,98.55,NO_3
2026-04-12,Baseload,94.98,NO_3
2026-04-13,Baseload,147.58,NO_3
2026-04-14,Baseload,201.35,NO_3
2026-04-15,Baseload,155.46,NO_3
2026-04-05,Peak,50.67,NO_3
2026-04-06,Peak,47.61,NO_3
2026-04-07,Peak,96.06,NO_3
2026-04-08,Peak,112.41,NO_3
2026-04-09,Peak,94.55,NO_3
2026-04-10,Peak,108.94,NO_3
2026-04-11,Peak,96.61,NO_3
2026-04-12,Peak,93.55,NO_3
2026-04-13,Peak,159.69,NO_3
2026-04-14,Peak,196.44,NO_3
2026-04-15,Peak,179.85,NO_3
2026-04-05,Off-Peak,66.56,NO_3
2026-04-06,Off-Peak,61.88,NO_3
2026-04-07,Off-Peak,74.65,NO_3
2026-04-08,Off-Peak,100.66,NO_3
2026-04-09,Off-Peak,96.47,NO_3
2026-04-10,Off-Peak,94.19,NO_3
2026-04-11,Off-Peak,100.48,NO_3
2026-04-12,Off-Peak,96.41,NO_3
2026-04-13,Off-Peak,135.47,NO_3
2026-04-14,Off-Peak,206.27,NO_3
2026-04-15,Off-Peak,150.13,NO_3
2026-04-05,Baseload,15.2,NO_4
2026-04-06,Baseload,9.38,NO_4
2026-04-07,Baseload,17.0,NO_4
2026-04-08,Baseload,14.54,NO_4
2026-04-09,Baseload,4.86,NO_4
2026-04-10,Baseload,4.06,NO_4
2026-04-11,Baseload,8.64,NO_4
2026-04-12,Baseload,-3.68,NO_4
2026-04-13,Baseload,2.11,NO_4
2026-04-14,Baseload,8.19,NO_4
2026-04-15,Baseload,22.81,NO_4
2026-04-05,Peak,16.06,NO_4
2026-04-06,Peak,9.99,NO_4
2026-04-07,Peak,18.47,NO_4
2026-04-08,Peak,11.51,NO_4
2026-04-09,Peak,6.46,NO_4
2026-04-10,Peak,8.3,NO_4
2026-04-11,Peak,10.04,NO_4
2026-04-12,Peak,-1.02,NO_4
2026-04-13,Peak,0.95,NO_4
2026-04-14,Peak,6.61,NO_4
2026-04-15,Peak,23.92,NO_4
2026-04-05,Off-Peak,12.98,NO_4
2026-04-06,Off-Peak,8.76,NO_4
2026-04-07,Off-Peak,15.53,NO_4
2026-04-08,Off-Peak,17.57,NO_4
2026-04-09,Off-Peak,3.26,NO_4
2026-04-10,Off-Peak,-0.18,NO_4
2026-04-11,Off-Peak,7.25,NO_4
2026-04-12,Off-Peak,-6.34,NO_4
2026-04-13,Off-Peak,3.26,NO_4
2026-04-14,Off-Peak,9.77,NO_4
2026-04-15,Off-Peak,22.56,NO_4
2026-04-05,Baseload,106.32,NO_5
2026-04-06,Baseload,101.54,NO_5
2026-04-07,Baseload,117.03,NO_5
2026-04-08,Baseload,124.41,NO_5
2026-04-09,Baseload,122.6,NO_5
2026-04-10,Baseload,124.77,NO_5
2026-04-11,Baseload,123.26,NO_5
2026-04-12,Baseload,121.45,NO_5
2026-04-13,Baseload,132.39,NO_5
2026-04-14,Baseload,131.38,NO_5
2026-04-15,Baseload,135.47,NO_5
2026-04-05,Peak,108.9,NO_5
2026-04-06,Peak,104.8,NO_5
2026-04-07,Peak,117.58,NO_5
2026-04-08,Peak,123.22,NO_5
2026-04-09,Peak,123.93,NO_5
2026-04-10,Peak,129.39,NO_5
2026-04-11,Peak,124.97,NO_5
2026-04-12,Peak,122.38,NO_5
2026-04-13,Peak,131.97,NO_5
2026-04-14,Peak,132.21,NO_5
2026-04-15,Peak,141.66,NO_5
2026-04-05,Off-Peak,99.7,NO_5
2026-04-06,Off-Peak,98.28,NO_5
2026-04-07,Off-Peak,116.49,NO_5
2026-04-08,Off-Peak,125.6,NO_5
2026-04-09,Off-Peak,121.26,NO_5
2026-04-10,Off-Peak,120.16,NO_5
2026-04-11,Off-Peak,121.54,NO_5
2026-04-12,Off-Peak,120.51,NO_5
2026-04-13,Off-Peak,132.81,NO_5
2026-04-14,Off-Peak,130.54,NO_5
2026-04-15,Off-Peak,134.12,NO_5
2026-04-05,Baseload,7.25,SE_1
2026-04-06,Baseload,4.89,SE_1
2026-04-07,Baseload,12.43,SE_1
2026-04-08,Baseload,30.71,SE_1
2026-04-09,Baseload,16.27,SE_1
2026-04-10,Baseload,20.64,SE_1
2026-04-11,Baseload,19.81,SE_1
2026-04-12,Baseload,14.66,SE_1
2026-04-13,Baseload,25.86,SE_1
2026-04-14,Baseload,37.88,SE_1
2026-04-15,Baseload,70.4,SE_1
2026-04-05,Peak,6.72,SE_1
2026-04-06,Peak,5.45,SE_1
2026-04-07,Peak,13.17,SE_1
2026-04-08,Peak,30.66,SE_1
2026-04-09,Peak,17.58,SE_1
2026-04-10,Peak,25.66,SE_1
2026-04-11,Peak,16.35,SE_1
2026-04-12,Peak,14.38,SE_1
2026-04-13,Peak,29.45,SE_1
2026-04-14,Peak,35.41,SE_1
2026-04-15,Peak,92.81,SE_1
2026-04-05,Off-Peak,8.6,SE_1
2026-04-06,Off-Peak,4.32,SE_1
2026-04-07,Off-Peak,11.69,SE_1
2026-04-08,Off-Peak,30.75,SE_1
2026-04-09,Off-Peak,14.96,SE_1
2026-04-10,Off-Peak,15.61,SE_1
2026-04-11,Off-Peak,23.27,SE_1
2026-04-12,Off-Peak,14.94,SE_1
2026-04-13,Off-Peak,22.28,SE_1
2026-04-14,Off-Peak,40.34,SE_1
2026-04-15,Off-Peak,65.49,SE_1
2026-04-05,Baseload,5.23,SE_2
2026-04-06,Baseload,3.95,SE_2
2026-04-07,Baseload,13.17,SE_2
2026-04-08,Baseload,31.75,SE_2
2026-04-09,Baseload,15.71,SE_2
2026-04-10,Baseload,22.5,SE_2
2026-04-11,Baseload,23.61,SE_2
2026-04-12,Baseload,16.4,SE_2
2026-04-13,Baseload,32.0,SE_2
2026-04-14,Baseload,43.8,SE_2
2026-04-15,Baseload,69.48,SE_2
2026-04-05,Peak,4.32,SE_2
2026-04-06,Peak,4.28,SE_2
2026-04-07,Peak,15.59,SE_2
2026-04-08,Peak,32.41,SE_2
2026-04-09,Peak,17.35,SE_2
2026-04-10,Peak,28.22,SE_2
2026-04-11,Peak,19.51,SE_2
2026-04-12,Peak,15.84,SE_2
2026-04-13,Peak,35.17,SE_2
2026-04-14,Peak,41.1,SE_2
2026-04-15,Peak,92.35,SE_2
2026-04-05,Off-Peak,7.55,SE_2
2026-04-06,Off-Peak,3.61,SE_2
2026-04-07,Off-Peak,10.74,SE_2
2026-04-08,Off-Peak,31.1,SE_2
2026-04-09,Off-Peak,14.07,SE_2
2026-04-10,Off-Peak,16.78,SE_2
2026-04-11,Off-Peak,27.71,SE_2
2026-04-12,Off-Peak,16.97,SE_2
2026-04-13,Off-Peak,28.82,SE_2
2026-04-14,Off-Peak,46.49,SE_2
2026-04-15,Off-Peak,64.48,SE_2
2026-04-05,Baseload,1.05,SE_3
2026-04-06,Baseload,3.01,SE_3
2026-04-07,Baseload,32.6,SE_3
2026-04-08,Baseload,69.78,SE_3
2026-04-09,Baseload,61.17,SE_3
2026-04-10,Baseload,68.34,SE_3
2026-04-11,Baseload,48.12,SE_3
2026-04-12,Baseload,44.47,SE_3
2026-04-13,Baseload,62.88,SE_3
2026-04-14,Baseload,69.23,SE_3
2026-04-15,Baseload,101.68,SE_3
2026-04-05,Peak,-0.51,SE_3
2026-04-06,Peak,1.82,SE_3
2026-04-07,Peak,30.37,SE_3
2026-04-08,Peak,62.07,SE_3
2026-04-09,Peak,49.88,SE_3
2026-04-10,Peak,67.75,SE_3
2026-04-11,Peak,25.44,SE_3
2026-04-12,Peak,38.0,SE_3
2026-04-13,Peak,61.17,SE_3
2026-04-14,Peak,65.64,SE_3
2026-04-15,Peak,129.55,SE_3
2026-04-05,Off-Peak,5.03,SE_3
2026-04-06,Off-Peak,4.19,SE_3
2026-04-07,Off-Peak,34.83,SE_3
2026-04-08,Off-Peak,77.49,SE_3
2026-04-09,Off-Peak,72.45,SE_3
2026-04-10,Off-Peak,68.92,SE_3
2026-04-11,Off-Peak,70.8,SE_3
2026-04-12,Off-Peak,50.93,SE_3
2026-04-13,Off-Peak,64.59,SE_3
2026-04-14,Off-Peak,72.83,SE_3
2026-04-15,Off-Peak,95.58,SE_3
2026-04-05,Baseload,-0.54,SE_4
2026-04-06,Baseload,2.64,SE_4
2026-04-07,Baseload,36.57,SE_4
2026-04-08,Baseload,88.16,SE_4
2026-04-09,Baseload,75.73,SE_4
2026-04-10,Baseload,88.52,SE_4
2026-04-11,Baseload,56.2,SE_4
2026-04-12,Baseload,53.06,SE_4
2026-04-13,Baseload,71.7,SE_4
2026-04-14,Baseload,78.22,SE_4
2026-04-15,Baseload,105.44,SE_4
2026-04-05,Peak,-2.37,SE_4
2026-04-06,Peak,0.91,SE_4
2026-04-07,Peak,29.03,SE_4
2026-04-08,Peak,74.02,SE_4
2026-04-09,Peak,57.37,SE_4
2026-04-10,Peak,86.04,SE_4
2026-04-11,Peak,26.92,SE_4
2026-04-12,Peak,44.66,SE_4
2026-04-13,Peak,71.1,SE_4
2026-04-14,Peak,74.25,SE_4
2026-04-15,Peak,131.18,SE_4
2026-04-05,Off-Peak,4.14,SE_4
2026-04-06,Off-Peak,4.38,SE_4
2026-04-07,Off-Peak,44.11,SE_4
2026-04-08,Off-Peak,102.29,SE_4
2026-04-09,Off-Peak,94.1,SE_4
2026-04-10,Off-Peak,91.01,SE_4
2026-04-11,Off-Peak,85.47,SE_4
2026-04-12,Off-Peak,61.46,SE_4
2026-04-13,Off-Peak,72.29,SE_4
2026-04-14,Off-Peak,82.2,SE_4
2026-04-15,Off-Peak,99.81,SE_4
2026-04-05,Baseload,24.15,BG
2026-04-06,Baseload,61.4,BG
2026-04-07,Baseload,84.28,BG
2026-04-08,Baseload,80.04,BG
2026-04-09,Baseload,94.66,BG
2026-04-10,Baseload,111.69,BG
2026-04-11,Baseload,87.48,BG
2026-04-12,Baseload,81.59,BG
2026-04-13,Baseload,91.24,BG
2026-04-14,Baseload,132.62,BG
2026-04-15,Baseload,132.6,BG
2026-04-05,Peak,-16.73,BG
2026-04-06,Peak,12.91,BG
2026-04-07,Peak,38.94,BG
2026-04-08,Peak,30.33,BG
2026-04-09,Peak,55.65,BG
2026-04-10,Peak,84.38,BG
2026-04-11,Peak,36.97,BG
2026-04-12,Peak,35.66,BG
2026-04-13,Peak,56.19,BG
2026-04-14,Peak,121.42,BG
2026-04-15,Peak,142.31,BG
2026-04-05,Off-Peak,118.68,BG
2026-04-06,Off-Peak,109.89,BG
2026-04-07,Off-Peak,129.61,BG
2026-04-08,Off-Peak,129.76,BG
2026-04-09,Off-Peak,133.66,BG
2026-04-10,Off-Peak,138.99,BG
2026-04-11,Off-Peak,137.98,BG
2026-04-12,Off-Peak,127.52,BG
2026-04-13,Off-Peak,126.29,BG
2026-04-14,Off-Peak,143.83,BG
2026-04-15,Off-Peak,129.27,BG
2026-04-05,Baseload,16.39,ES
2026-04-06,Baseload,19.4,ES
2026-04-07,Baseload,33.47,ES
2026-04-08,Baseload,63.21,ES
2026-04-09,Baseload,53.2,ES
2026-04-10,Baseload,44.48,ES
2026-04-11,Baseload,28.91,ES
2026-04-12,Baseload,13.33,ES
2026-04-13,Baseload,23.8,ES
2026-04-14,Baseload,45.97,ES
2026-04-15,Baseload,88.43,ES
2026-04-05,Peak,-2.76,ES
2026-04-06,Peak,1.31,ES
2026-04-07,Peak,13.05,ES
2026-04-08,Peak,39.4,ES
2026-04-09,Peak,22.26,ES
2026-04-10,Peak,23.65,ES
2026-04-11,Peak,9.31,ES
2026-04-12,Peak,2.73,ES
2026-04-13,Peak,5.22,ES
2026-04-14,Peak,13.64,ES
2026-04-15,Peak,83.48,ES
2026-04-05,Off-Peak,65.47,ES
2026-04-06,Off-Peak,37.5,ES
2026-04-07,Off-Peak,53.9,ES
2026-04-08,Off-Peak,87.01,ES
2026-04-09,Off-Peak,84.14,ES
2026-04-10,Off-Peak,65.32,ES
2026-04-11,Off-Peak,48.51,ES
2026-04-12,Off-Peak,23.93,ES
2026-04-13,Off-Peak,42.39,ES
2026-04-14,Off-Peak,78.3,ES
2026-04-15,Off-Peak,89.52,ES
2026-04-05,Baseload,24.15,GR
2026-04-06,Baseload,69.32,GR
2026-04-07,Baseload,85.37,GR
2026-04-08,Baseload,80.04,GR
2026-04-09,Baseload,94.43,GR
2026-04-10,Baseload,95.0,GR
2026-04-11,Baseload,87.48,GR
2026-04-12,Baseload,80.24,GR
2026-04-13,Baseload,89.54,GR
2026-04-14,Baseload,132.62,GR
2026-04-15,Baseload,132.83,GR
2026-04-05,Peak,-16.73,GR
2026-04-06,Peak,23.51,GR
2026-04-07,Peak,38.94,GR
2026-04-08,Peak,30.32,GR
2026-04-09,Peak,55.13,GR
2026-04-10,Peak,51.19,GR
2026-04-11,Peak,36.97,GR
2026-04-12,Peak,32.87,GR
2026-04-13,Peak,52.79,GR
2026-04-14,Peak,121.42,GR
2026-04-15,Peak,143.21,GR
2026-04-05,Off-Peak,118.68,GR
2026-04-06,Off-Peak,115.12,GR
2026-04-07,Off-Peak,131.79,GR
2026-04-08,Off-Peak,129.76,GR
2026-04-09,Off-Peak,133.72,GR
2026-04-10,Off-Peak,138.81,GR
2026-04-11,Off-Peak,137.98,GR
2026-04-12,Off-Peak,127.62,GR
2026-04-13,Off-Peak,126.29,GR
2026-04-14,Off-Peak,143.83,GR
2026-04-15,Off-Peak,129.27,GR
2026-04-05,Baseload,16.23,HR
2026-04-06,Baseload,36.04,HR
2026-04-07,Baseload,90.31,HR
2026-04-08,Baseload,85.07,HR
2026-04-09,Baseload,93.97,HR
2026-04-10,Baseload,127.83,HR
2026-04-11,Baseload,78.83,HR
2026-04-12,Baseload,83.61,HR
2026-04-13,Baseload,90.11,HR
2026-04-14,Baseload,141.76,HR
2026-04-15,Baseload,130.45,HR
2026-04-05,Peak,-13.45,HR
2026-04-06,Peak,-9.49,HR
2026-04-07,Peak,49.63,HR
2026-04-08,Peak,43.74,HR
2026-04-09,Peak,61.2,HR
2026-04-10,Peak,119.12,HR
2026-04-11,Peak,32.7,HR
2026-04-12,Peak,47.43,HR
2026-04-13,Peak,53.48,HR
2026-04-14,Peak,140.84,HR
2026-04-15,Peak,132.36,HR
2026-04-05,Off-Peak,92.29,HR
2026-04-06,Off-Peak,81.56,HR
2026-04-07,Off-Peak,131.0,HR
2026-04-08,Off-Peak,126.4,HR
2026-04-09,Off-Peak,126.75,HR
2026-04-10,Off-Peak,136.53,HR
2026-04-11,Off-Peak,124.97,HR
2026-04-12,Off-Peak,119.8,HR
2026-04-13,Off-Peak,126.75,HR
2026-04-14,Off-Peak,142.68,HR
2026-04-15,Off-Peak,130.03,HR
2026-04-05,Baseload,33.62,HU
2026-04-06,Baseload,47.25,HU
2026-04-07,Baseload,91.29,HU
2026-04-08,Baseload,94.42,HU
2026-04-09,Baseload,103.01,HU
2026-04-10,Baseload,133.86,HU
2026-04-11,Baseload,89.32,HU
2026-04-12,Baseload,86.21,HU
2026-04-13,Baseload,97.98,HU
2026-04-14,Baseload,144.19,HU
2026-04-15,Baseload,131.58,HU
2026-04-05,Peak,-2.71,HU
2026-04-06,Peak,-20.54,HU
2026-04-07,Peak,51.28,HU
2026-04-08,Peak,55.5,HU
2026-04-09,Peak,68.93,HU
2026-04-10,Peak,124.33,HU
2026-04-11,Peak,43.37,HU
2026-04-12,Peak,48.23,HU
2026-04-13,Peak,66.4,HU
2026-04-14,Peak,143.11,HU
2026-04-15,Peak,132.22,HU
2026-04-05,Off-Peak,126.72,HU
2026-04-06,Off-Peak,115.04,HU
2026-04-07,Off-Peak,131.29,HU
2026-04-08,Off-Peak,133.33,HU
2026-04-09,Off-Peak,137.09,HU
2026-04-10,Off-Peak,143.39,HU
2026-04-11,Off-Peak,135.27,HU
2026-04-12,Off-Peak,124.18,HU
2026-04-13,Off-Peak,129.57,HU
2026-04-14,Off-Peak,145.28,HU
2026-04-15,Off-Peak,131.44,HU
2026-04-05,Baseload,18.29,PT
2026-04-06,Baseload,18.85,PT
2026-04-07,Baseload,33.67,PT
2026-04-08,Baseload,63.04,PT
2026-04-09,Baseload,50.31,PT
2026-04-10,Baseload,45.8,PT
2026-04-11,Baseload,26.13,PT
2026-04-12,Baseload,11.07,PT
2026-04-13,Baseload,25.36,PT
2026-04-14,Baseload,49.0,PT
2026-04-15,Baseload,86.68,PT
2026-04-05,Peak,2.33,PT
2026-04-06,Peak,2.28,PT
2026-04-07,Peak,17.39,PT
2026-04-08,Peak,38.1,PT
2026-04-09,Peak,20.48,PT
2026-04-10,Peak,25.22,PT
2026-04-11,Peak,6.66,PT
2026-04-12,Peak,3.96,PT
2026-04-13,Peak,10.05,PT
2026-04-14,Peak,17.82,PT
2026-04-15,Peak,61.42,PT
2026-04-05,Off-Peak,63.16,PT
2026-04-06,Off-Peak,35.42,PT
2026-04-07,Off-Peak,49.95,PT
2026-04-08,Off-Peak,87.98,PT
2026-04-09,Off-Peak,80.13,PT
2026-04-10,Off-Peak,66.38,PT
2026-04-11,Off-Peak,45.59,PT
2026-04-12,Off-Peak,18.18,PT
2026-04-13,Off-Peak,40.66,PT
2026-04-14,Off-Peak,80.18,PT
2026-04-15,Off-Peak,89.05,PT
2026-04-05,Baseload,24.15,RO
2026-04-06,Baseload,59.67,RO
2026-04-07,Baseload,87.63,RO
2026-04-08,Baseload,80.27,RO
2026-04-09,Baseload,100.15,RO
2026-04-10,Baseload,118.74,RO
2026-04-11,Baseload,87.02,RO
2026-04-12,Baseload,81.59,RO
2026-04-13,Baseload,94.39,RO
2026-04-14,Baseload,139.58,RO
2026-04-15,Baseload,132.68,RO
2026-04-05,Peak,-16.73,RO
2026-04-06,Peak,9.45,RO
2026-04-07,Peak,43.33,RO
2026-04-08,Peak,30.78,RO
2026-04-09,Peak,62.06,RO
2026-04-10,Peak,89.59,RO
2026-04-11,Peak,36.06,RO
2026-04-12,Peak,35.66,RO
2026-04-13,Peak,59.58,RO
2026-04-14,Peak,135.24,RO
2026-04-15,Peak,142.61,RO
2026-04-05,Off-Peak,118.68,RO
2026-04-06,Off-Peak,109.89,RO
2026-04-07,Off-Peak,131.94,RO
2026-04-08,Off-Peak,129.76,RO
2026-04-09,Off-Peak,138.24,RO
2026-04-10,Off-Peak,147.89,RO
2026-04-11,Off-Peak,137.98,RO
2026-04-12,Off-Peak,127.52,RO
2026-04-13,Off-Peak,129.21,RO
2026-04-14,Off-Peak,143.92,RO
2026-04-15,Off-Peak,129.27,RO
2026-04-05,Baseload,49.6,RS
2026-04-06,Baseload,71.24,RS
2026-04-07,Baseload,90.42,RS
2026-04-08,Baseload,97.39,RS
2026-04-09,Baseload,88.33,RS
2026-04-10,Baseload,115.21,RS
2026-04-11,Baseload,98.43,RS
2026-04-12,Baseload,78.42,RS
2026-04-13,Baseload,77.34,RS
2026-04-14,Baseload,97.85,RS
2026-04-15,Baseload,136.38,RS
2026-04-05,Peak,23.61,RS
2026-04-06,Peak,31.42,RS
2026-04-07,Peak,42.29,RS
2026-04-08,Peak,59.01,RS
2026-04-09,Peak,51.21,RS
2026-04-10,Peak,101.16,RS
2026-04-11,Peak,60.81,RS
2026-04-12,Peak,37.2,RS
2026-04-13,Peak,60.78,RS
2026-04-14,Peak,85.26,RS
2026-04-15,Peak,136.8,RS
2026-04-05,Off-Peak,116.2,RS
2026-04-06,Off-Peak,111.06,RS
2026-04-07,Off-Peak,138.54,RS
2026-04-08,Off-Peak,135.77,RS
2026-04-09,Off-Peak,125.45,RS
2026-04-10,Off-Peak,129.26,RS
2026-04-11,Off-Peak,136.06,RS
2026-04-12,Off-Peak,119.64,RS
2026-04-13,Off-Peak,93.9,RS
2026-04-14,Off-Peak,110.44,RS
2026-04-15,Off-Peak,136.28,RS
2026-04-05,Baseload,10.24,SI
2026-04-06,Baseload,29.16,SI
2026-04-07,Baseload,89.92,SI
2026-04-08,Baseload,89.62,SI
2026-04-09,Baseload,91.74,SI
2026-04-10,Baseload,126.91,SI
2026-04-11,Baseload,75.3,SI
2026-04-12,Baseload,82.8,SI
2026-04-13,Baseload,85.75,SI
2026-04-14,Baseload,142.07,SI
2026-04-15,Baseload,130.08,SI
2026-04-05,Peak,-17.77,SI
2026-04-06,Peak,-15.29,SI
2026-04-07,Peak,48.88,SI
2026-04-08,Peak,53.78,SI
2026-04-09,Peak,59.33,SI
2026-04-10,Peak,119.22,SI
2026-04-11,Peak,29.08,SI
2026-04-12,Peak,47.25,SI
2026-04-13,Peak,45.1,SI
2026-04-14,Peak,141.35,SI
2026-04-15,Peak,132.4,SI
2026-04-05,Off-Peak,82.01,SI
2026-04-06,Off-Peak,73.6,SI
2026-04-07,Off-Peak,130.96,SI
2026-04-08,Off-Peak,125.46,SI
2026-04-09,Off-Peak,124.15,SI
2026-04-10,Off-Peak,134.6,SI
2026-04-11,Off-Peak,121.52,SI
2026-04-12,Off-Peak,118.35,SI
2026-04-13,Off-Peak,126.39,SI
2026-04-14,Off-Peak,142.79,SI
2026-04-15,Off-Peak,129.58,SI
2026-04-05,Baseload,-2.16,SK
2026-04-06,Baseload,8.57,SK
2026-04-07,Baseload,90.06,SK
2026-04-08,Baseload,91.26,SK
2026-04-09,Baseload,89.6,SK
2026-04-10,Baseload,133.38,SK
2026-04-11,Baseload,81.56,SK
2026-04-12,Baseload,86.41,SK
2026-04-13,Baseload,100.68,SK
2026-04-14,Baseload,141.81,SK
2026-04-15,Baseload,127.1,SK
2026-04-05,Peak,-25.05,SK
2026-04-06,Peak,-29.21,SK
2026-04-07,Peak,48.14,SK
2026-04-08,Peak,55.1,SK
2026-04-09,Peak,54.53,SK
2026-04-10,Peak,121.26,SK
2026-04-11,Peak,46.14,SK
2026-04-12,Peak,48.51,SK
2026-04-13,Peak,75.86,SK
2026-04-14,Peak,138.83,SK
2026-04-15,Peak,132.17,SK
2026-04-05,Off-Peak,56.5,SK
2026-04-06,Off-Peak,46.36,SK
2026-04-07,Off-Peak,131.98,SK
2026-04-08,Off-Peak,127.42,SK
2026-04-09,Off-Peak,124.67,SK
2026-04-10,Off-Peak,145.51,SK
2026-04-11,Off-Peak,116.98,SK
2026-04-12,Off-Peak,124.3,SK
2026-04-13,Off-Peak,125.51,SK
2026-04-14,Off-Peak,144.79,SK
2026-04-15,Off-Peak,125.99,SK
2026-04-05,Baseload,78.99,IT_NORD
2026-04-06,Baseload,108.85,IT_NORD
2026-04-07,Baseload,127.91,IT_NORD
2026-04-08,Baseload,128.19,IT_NORD
2026-04-09,Baseload,123.88,IT_NORD
2026-04-10,Baseload,129.84,IT_NORD
2026-04-11,Baseload,121.05,IT_NORD
2026-04-12,Baseload,104.19,IT_NORD
2026-04-13,Baseload,146.03,IT_NORD
2026-04-14,Baseload,150.67,IT_NORD
2026-04-15,Baseload,141.43,IT_NORD
2026-04-05,Peak,49.95,IT_NORD
2026-04-06,Peak,79.07,IT_NORD
2026-04-07,Peak,114.82,IT_NORD
2026-04-08,Peak,115.54,IT_NORD
2026-04-09,Peak,109.31,IT_NORD
2026-04-10,Peak,121.38,IT_NORD
2026-04-11,Peak,106.4,IT_NORD
2026-04-12,Peak,80.4,IT_NORD
2026-04-13,Peak,163.48,IT_NORD
2026-04-14,Peak,155.26,IT_NORD
2026-04-15,Peak,170.31,IT_NORD
2026-04-05,Off-Peak,153.39,IT_NORD
2026-04-06,Off-Peak,138.62,IT_NORD
2026-04-07,Off-Peak,141.0,IT_NORD
2026-04-08,Off-Peak,140.84,IT_NORD
2026-04-09,Off-Peak,138.45,IT_NORD
2026-04-10,Off-Peak,138.3,IT_NORD
2026-04-11,Off-Peak,135.71,IT_NORD
2026-04-12,Off-Peak,127.99,IT_NORD
2026-04-13,Off-Peak,128.57,IT_NORD
2026-04-14,Off-Peak,146.09,IT_NORD
2026-04-15,Off-Peak,135.11,IT_NORD
2026-04-05,Baseload,78.99,IT_CNOR
2026-04-06,Baseload,108.85,IT_CNOR
2026-04-07,Baseload,127.91,IT_CNOR
2026-04-08,Baseload,128.19,IT_CNOR
2026-04-09,Baseload,123.88,IT_CNOR
2026-04-10,Baseload,129.84,IT_CNOR
2026-04-11,Baseload,121.05,IT_CNOR
2026-04-12,Baseload,104.19,IT_CNOR
2026-04-13,Baseload,146.03,IT_CNOR
2026-04-14,Baseload,150.67,IT_CNOR
2026-04-15,Baseload,141.43,IT_CNOR
2026-04-05,Peak,49.95,IT_CNOR
2026-04-06,Peak,79.07,IT_CNOR
2026-04-07,Peak,114.82,IT_CNOR
2026-04-08,Peak,115.54,IT_CNOR
2026-04-09,Peak,109.31,IT_CNOR
2026-04-10,Peak,121.38,IT_CNOR
2026-04-11,Peak,106.4,IT_CNOR
2026-04-12,Peak,80.4,IT_CNOR
2026-04-13,Peak,163.48,IT_CNOR
2026-04-14,Peak,155.26,IT_CNOR
2026-04-15,Peak,170.31,IT_CNOR
2026-04-05,Off-Peak,153.39,IT_CNOR
2026-04-06,Off-Peak,138.62,IT_CNOR
2026-04-07,Off-Peak,141.0,IT_CNOR
2026-04-08,Off-Peak,140.84,IT_CNOR
2026-04-09,Off-Peak,138.45,IT_CNOR
2026-04-10,Off-Peak,138.3,IT_CNOR
2026-04-11,Off-Peak,135.71,IT_CNOR
2026-04-12,Off-Peak,127.99,IT_CNOR
2026-04-13,Off-Peak,128.57,IT_CNOR
2026-04-14,Off-Peak,146.09,IT_CNOR
2026-04-15,Off-Peak,135.11,IT_CNOR
2026-04-05,Baseload,78.99,IT_CSUD
2026-04-06,Baseload,108.85,IT_CSUD
2026-04-07,Baseload,127.91,IT_CSUD
2026-04-08,Baseload,128.19,IT_CSUD
2026-04-09,Baseload,121.53,IT_CSUD
2026-04-10,Baseload,129.84,IT_CSUD
2026-04-11,Baseload,120.94,IT_CSUD
2026-04-12,Baseload,98.0,IT_CSUD
2026-04-13,Baseload,144.74,IT_CSUD
2026-04-14,Baseload,150.67,IT_CSUD
2026-04-15,Baseload,141.43,IT_CSUD
2026-04-05,Peak,49.95,IT_CSUD
2026-04-06,Peak,79.07,IT_CSUD
2026-04-07,Peak,114.82,IT_CSUD
2026-04-08,Peak,115.54,IT_CSUD
2026-04-09,Peak,104.62,IT_CSUD
2026-04-10,Peak,121.38,IT_CSUD
2026-04-11,Peak,106.16,IT_CSUD
2026-04-12,Peak,68.01,IT_CSUD
2026-04-13,Peak,160.9,IT_CSUD
2026-04-14,Peak,155.26,IT_CSUD
2026-04-15,Peak,170.31,IT_CSUD
2026-04-05,Off-Peak,153.39,IT_CSUD
2026-04-06,Off-Peak,138.62,IT_CSUD
2026-04-07,Off-Peak,141.0,IT_CSUD
2026-04-08,Off-Peak,140.84,IT_CSUD
2026-04-09,Off-Peak,138.45,IT_CSUD
2026-04-10,Off-Peak,138.3,IT_CSUD
2026-04-11,Off-Peak,135.71,IT_CSUD
2026-04-12,Off-Peak,127.99,IT_CSUD
2026-04-13,Off-Peak,128.57,IT_CSUD
2026-04-14,Off-Peak,146.09,IT_CSUD
2026-04-15,Off-Peak,135.11,IT_CSUD
2026-04-05,Baseload,78.99,IT_SUD
2026-04-06,Baseload,108.85,IT_SUD
2026-04-07,Baseload,127.91,IT_SUD
2026-04-08,Baseload,128.19,IT_SUD
2026-04-09,Baseload,118.32,IT_SUD
2026-04-10,Baseload,129.84,IT_SUD
2026-04-11,Baseload,120.94,IT_SUD
2026-04-12,Baseload,93.7,IT_SUD
2026-04-13,Baseload,114.02,IT_SUD
2026-04-14,Baseload,150.67,IT_SUD
2026-04-15,Baseload,141.43,IT_SUD
2026-04-05,Peak,49.95,IT_SUD
2026-04-06,Peak,79.07,IT_SUD
2026-04-07,Peak,114.82,IT_SUD
2026-04-08,Peak,115.54,IT_SUD
2026-04-09,Peak,98.19,IT_SUD
2026-04-10,Peak,121.38,IT_SUD
2026-04-11,Peak,106.16,IT_SUD
2026-04-12,Peak,59.41,IT_SUD
2026-04-13,Peak,99.47,IT_SUD
2026-04-14,Peak,155.26,IT_SUD
2026-04-15,Peak,170.31,IT_SUD
2026-04-05,Off-Peak,153.39,IT_SUD
2026-04-06,Off-Peak,138.62,IT_SUD
2026-04-07,Off-Peak,141.0,IT_SUD
2026-04-08,Off-Peak,140.84,IT_SUD
2026-04-09,Off-Peak,138.45,IT_SUD
2026-04-10,Off-Peak,138.3,IT_SUD
2026-04-11,Off-Peak,135.71,IT_SUD
2026-04-12,Off-Peak,127.99,IT_SUD
2026-04-13,Off-Peak,128.57,IT_SUD
2026-04-14,Off-Peak,146.09,IT_SUD
2026-04-15,Off-Peak,135.11,IT_SUD
2026-04-05,Baseload,78.99,IT_SICI
2026-04-06,Baseload,108.85,IT_SICI
2026-04-07,Baseload,128.16,IT_SICI
2026-04-08,Baseload,125.32,IT_SICI
2026-04-09,Baseload,118.49,IT_SICI
2026-04-10,Baseload,129.9,IT_SICI
2026-04-11,Baseload,120.49,IT_SICI
2026-04-12,Baseload,93.7,IT_SICI
2026-04-13,Baseload,114.13,IT_SICI
2026-04-14,Baseload,150.67,IT_SICI
2026-04-15,Baseload,141.43,IT_SICI
2026-04-05,Peak,49.95,IT_SICI
2026-04-06,Peak,79.07,IT_SICI
2026-04-07,Peak,114.82,IT_SICI
2026-04-08,Peak,109.34,IT_SICI
2026-04-09,Peak,98.19,IT_SICI
2026-04-10,Peak,121.38,IT_SICI
2026-04-11,Peak,105.27,IT_SICI
2026-04-12,Peak,59.41,IT_SICI
2026-04-13,Peak,99.47,IT_SICI
2026-04-14,Peak,155.26,IT_SICI
2026-04-15,Peak,170.31,IT_SICI
2026-04-05,Off-Peak,153.39,IT_SICI
2026-04-06,Off-Peak,138.62,IT_SICI
2026-04-07,Off-Peak,141.51,IT_SICI
2026-04-08,Off-Peak,141.3,IT_SICI
2026-04-09,Off-Peak,138.79,IT_SICI
2026-04-10,Off-Peak,138.43,IT_SICI
2026-04-11,Off-Peak,135.71,IT_SICI
2026-04-12,Off-Peak,127.99,IT_SICI
2026-04-13,Off-Peak,128.79,IT_SICI
2026-04-14,Off-Peak,146.09,IT_SICI
2026-04-15,Off-Peak,135.11,IT_SICI
2026-04-05,Baseload,78.99,IT_SARD
2026-04-06,Baseload,108.85,IT_SARD
2026-04-07,Baseload,127.89,IT_SARD
2026-04-08,Baseload,128.05,IT_SARD
2026-04-09,Baseload,120.94,IT_SARD
2026-04-10,Baseload,123.52,IT_SARD
2026-04-11,Baseload,120.33,IT_SARD
2026-04-12,Baseload,97.28,IT_SARD
2026-04-13,Baseload,144.37,IT_SARD
2026-04-14,Baseload,148.7,IT_SARD
2026-04-15,Baseload,140.88,IT_SARD
2026-04-05,Peak,49.95,IT_SARD
2026-04-06,Peak,79.07,IT_SARD
2026-04-07,Peak,114.79,IT_SARD
2026-04-08,Peak,115.28,IT_SARD
2026-04-09,Peak,103.43,IT_SARD
2026-04-10,Peak,108.88,IT_SARD
2026-04-11,Peak,104.96,IT_SARD
2026-04-12,Peak,67.21,IT_SARD
2026-04-13,Peak,160.17,IT_SARD
2026-04-14,Peak,152.27,IT_SARD
2026-04-15,Peak,167.25,IT_SARD
2026-04-05,Off-Peak,153.39,IT_SARD
2026-04-06,Off-Peak,138.62,IT_SARD
2026-04-07,Off-Peak,141.0,IT_SARD
2026-04-08,Off-Peak,140.83,IT_SARD
2026-04-09,Off-Peak,138.45,IT_SARD
2026-04-10,Off-Peak,138.15,IT_SARD
2026-04-11,Off-Peak,135.71,IT_SARD
2026-04-12,Off-Peak,127.34,IT_SARD
2026-04-13,Off-Peak,128.57,IT_SARD
2026-04-14,Off-Peak,145.13,IT_SARD
2026-04-15,Off-Peak,135.11,IT_SARD
2026-04-05,Baseload,78.99,IT_CALA
2026-04-06,Baseload,108.85,IT_CALA
2026-04-07,Baseload,127.91,IT_CALA
2026-04-08,Baseload,125.09,IT_CALA
2026-04-09,Baseload,118.32,IT_CALA
2026-04-10,Baseload,129.84,IT_CALA
2026-04-11,Baseload,120.49,IT_CALA
2026-04-12,Baseload,93.7,IT_CALA
2026-04-13,Baseload,114.02,IT_CALA
2026-04-14,Baseload,150.67,IT_CALA
2026-04-15,Baseload,141.43,IT_CALA
2026-04-05,Peak,49.95,IT_CALA
2026-04-06,Peak,79.07,IT_CALA
2026-04-07,Peak,114.82,IT_CALA
2026-04-08,Peak,109.34,IT_CALA
2026-04-09,Peak,98.19,IT_CALA
2026-04-10,Peak,121.38,IT_CALA
2026-04-11,Peak,105.27,IT_CALA
2026-04-12,Peak,59.41,IT_CALA
2026-04-13,Peak,99.47,IT_CALA
2026-04-14,Peak,155.26,IT_CALA
2026-04-15,Peak,170.31,IT_CALA
2026-04-05,Off-Peak,153.39,IT_CALA
2026-04-06,Off-Peak,138.62,IT_CALA
2026-04-07,Off-Peak,141.0,IT_CALA
2026-04-08,Off-Peak,140.84,IT_CALA
2026-04-09,Off-Peak,138.45,IT_CALA
2026-04-10,Off-Peak,138.3,IT_CALA
2026-04-11,Off-Peak,135.71,IT_CALA
2026-04-12,Off-Peak,127.99,IT_CALA
2026-04-13,Off-Peak,128.57,IT_CALA
2026-04-14,Off-Peak,146.09,IT_CALA
2026-04-15,Off-Peak,135.11,IT_CALA
2026-04-05,Baseload,78.99,IT_SACO_AC
2026-04-06,Baseload,108.85,IT_SACO_AC
2026-04-07,Baseload,127.89,IT_SACO_AC
2026-04-08,Baseload,128.05,IT_SACO_AC
2026-04-09,Baseload,120.94,IT_SACO_AC
2026-04-10,Baseload,123.52,IT_SACO_AC
2026-04-11,Baseload,120.33,IT_SACO_AC
2026-04-12,Baseload,97.28,IT_SACO_AC
2026-04-13,Baseload,144.37,IT_SACO_AC
2026-04-14,Baseload,148.7,IT_SACO_AC
2026-04-15,Baseload,140.88,IT_SACO_AC
2026-04-05,Peak,49.95,IT_SACO_AC
2026-04-06,Peak,79.07,IT_SACO_AC
2026-04-07,Peak,114.79,IT_SACO_AC
2026-04-08,Peak,115.28,IT_SACO_AC
2026-04-09,Peak,103.43,IT_SACO_AC
2026-04-10,Peak,108.88,IT_SACO_AC
2026-04-11,Peak,104.96,IT_SACO_AC
2026-04-12,Peak,67.21,IT_SACO_AC
2026-04-13,Peak,160.17,IT_SACO_AC
2026-04-14,Peak,152.27,IT_SACO_AC
2026-04-15,Peak,167.25,IT_SACO_AC
2026-04-05,Off-Peak,153.39,IT_SACO_AC
2026-04-06,Off-Peak,138.62,IT_SACO_AC
2026-04-07,Off-Peak,141.0,IT_SACO_AC
2026-04-08,Off-Peak,140.83,IT_SACO_AC
2026-04-09,Off-Peak,138.45,IT_SACO_AC
2026-04-10,Off-Peak,138.15,IT_SACO_AC
2026-04-11,Off-Peak,135.71,IT_SACO_AC
2026-04-12,Off-Peak,127.34,IT_SACO_AC
2026-04-13,Off-Peak,128.57,IT_SACO_AC
2026-04-14,Off-Peak,145.13,IT_SACO_AC
2026-04-15,Off-Peak,135.11,IT_SACO_AC
2026-04-05,Baseload,79.58,IT_SACO_DC
2026-04-06,Baseload,108.85,IT_SACO_DC
2026-04-07,Baseload,127.91,IT_SACO_DC
2026-04-08,Baseload,128.19,IT_SACO_DC
2026-04-09,Baseload,123.88,IT_SACO_DC
2026-04-10,Baseload,129.84,IT_SACO_DC
2026-04-11,Baseload,121.05,IT_SACO_DC
2026-04-12,Baseload,104.19,IT_SACO_DC
2026-04-13,Baseload,146.03,IT_SACO_DC
2026-04-14,Baseload,150.67,IT_SACO_DC
2026-04-15,Baseload,141.21,IT_SACO_DC
2026-04-05,Peak,50.78,IT_SACO_DC
2026-04-06,Peak,79.08,IT_SACO_DC
2026-04-07,Peak,114.82,IT_SACO_DC
2026-04-08,Peak,115.54,IT_SACO_DC
2026-04-09,Peak,109.31,IT_SACO_DC
2026-04-10,Peak,121.38,IT_SACO_DC
2026-04-11,Peak,106.4,IT_SACO_DC
2026-04-12,Peak,80.4,IT_SACO_DC
2026-04-13,Peak,163.48,IT_SACO_DC
2026-04-14,Peak,155.26,IT_SACO_DC
2026-04-15,Peak,169.09,IT_SACO_DC
2026-04-05,Off-Peak,153.39,IT_SACO_DC
2026-04-06,Off-Peak,138.62,IT_SACO_DC
2026-04-07,Off-Peak,141.0,IT_SACO_DC
2026-04-08,Off-Peak,140.84,IT_SACO_DC
2026-04-09,Off-Peak,138.45,IT_SACO_DC
2026-04-10,Off-Peak,138.3,IT_SACO_DC
2026-04-11,Off-Peak,135.71,IT_SACO_DC
2026-04-12,Off-Peak,127.99,IT_SACO_DC
2026-04-13,Off-Peak,128.58,IT_SACO_DC
2026-04-14,Off-Peak,146.09,IT_SACO_DC
2026-04-15,Off-Peak,135.11,IT_SACO_DC
